truncation_fraction,num_train,num_val,streaming_acc,streaming_tpr,streaming_fpr,streaming_f1,naive_acc,naive_tpr,naive_fpr,naive_f1,w_InjecGuard,w_PIGuard,w_PromptGuard,w_bias
0.20,4271,1069,0.790458,0.743268,0.158203,0.787072,0.785781,0.639138,0.054688,0.756642,1.365457,1.365457,-2.014625,0.739683
0.40,4260,1065,0.829108,0.801085,0.140625,0.829588,0.836620,0.725136,0.042969,0.821721,1.735658,1.735658,-2.113420,0.491912
0.60,4185,1040,0.843269,0.824528,0.137255,0.842816,0.853846,0.747170,0.035294,0.838983,1.945832,1.945832,-2.007690,0.177002
0.80,4096,1020,0.890196,0.831703,0.051081,0.883576,0.884314,0.800391,0.031434,0.873932,2.189981,2.189981,-2.081922,-0.083053
1.00,3959,980,0.876531,0.815900,0.065737,0.865705,0.876531,0.815900,0.065737,0.865705,2.007933,2.007933,-1.765135,-0.287046
