{
  "timestamp": "2026-02-14T21:09:11.233081826+00:00",
  "total_duration_ms": 526,
  "detector_names": [
    "InjecGuard",
    "PIGuard",
    "PromptGuard"
  ],
  "global_weights": {
    "detector_weights": [
      2.0079329845415033,
      2.0079329845415033,
      -1.765135423197006
    ],
    "bias": -0.2870459574042652
  },
  "per_level": [
    {
      "truncation_fraction": 0.2,
      "num_train": 4271,
      "num_val": 1069,
      "streaming_weights": {
        "detector_weights": [
          1.365456673753256,
          1.365456673753256,
          -2.0146252534391573
        ],
        "bias": 0.7396834628675212
      },
      "streaming_metrics": {
        "accuracy": 0.7904583723105706,
        "tpr": 0.7432675044883303,
        "fpr": 0.158203125,
        "f1": 0.7870722433460076
      },
      "naive_metrics": {
        "accuracy": 0.7857811038353602,
        "tpr": 0.6391382405745063,
        "fpr": 0.0546875,
        "f1": 0.7566418703506909
      }
    },
    {
      "truncation_fraction": 0.4,
      "num_train": 4260,
      "num_val": 1065,
      "streaming_weights": {
        "detector_weights": [
          1.7356581155388386,
          1.7356581155388386,
          -2.113420100383903
        ],
        "bias": 0.49191153513391545
      },
      "streaming_metrics": {
        "accuracy": 0.8291079812206573,
        "tpr": 0.8010849909584087,
        "fpr": 0.140625,
        "f1": 0.8295880149812734
      },
      "naive_metrics": {
        "accuracy": 0.8366197183098592,
        "tpr": 0.7251356238698011,
        "fpr": 0.04296875,
        "f1": 0.8217213114754099
      }
    },
    {
      "truncation_fraction": 0.6,
      "num_train": 4185,
      "num_val": 1040,
      "streaming_weights": {
        "detector_weights": [
          1.9458323408109712,
          1.9458323408109712,
          -2.007689539105575
        ],
        "bias": 0.17700246840356781
      },
      "streaming_metrics": {
        "accuracy": 0.8432692307692308,
        "tpr": 0.8245283018867925,
        "fpr": 0.13725490196078433,
        "f1": 0.8428158148505303
      },
      "naive_metrics": {
        "accuracy": 0.8538461538461538,
        "tpr": 0.7471698113207547,
        "fpr": 0.03529411764705882,
        "f1": 0.8389830508474575
      }
    },
    {
      "truncation_fraction": 0.8,
      "num_train": 4096,
      "num_val": 1020,
      "streaming_weights": {
        "detector_weights": [
          2.1899813209612904,
          2.1899813209612904,
          -2.081922370029797
        ],
        "bias": -0.0830531492859837
      },
      "streaming_metrics": {
        "accuracy": 0.8901960784313725,
        "tpr": 0.8317025440313112,
        "fpr": 0.05108055009823183,
        "f1": 0.8835758835758837
      },
      "naive_metrics": {
        "accuracy": 0.884313725490196,
        "tpr": 0.8003913894324853,
        "fpr": 0.03143418467583497,
        "f1": 0.873931623931624
      }
    },
    {
      "truncation_fraction": 1.0,
      "num_train": 3959,
      "num_val": 980,
      "streaming_weights": {
        "detector_weights": [
          2.0079329845415033,
          2.0079329845415033,
          -1.765135423197006
        ],
        "bias": -0.2870459574042652
      },
      "streaming_metrics": {
        "accuracy": 0.8765306122448979,
        "tpr": 0.8158995815899581,
        "fpr": 0.06573705179282868,
        "f1": 0.8657047724750278
      },
      "naive_metrics": {
        "accuracy": 0.8765306122448979,
        "tpr": 0.8158995815899581,
        "fpr": 0.06573705179282868,
        "f1": 0.8657047724750278
      }
    }
  ]
}